"	IUM";principio_activo;unidad_de_medida;concentracion;"	Nombre_comercial_imagen_comercial "
1H1034661001100;HIDROXICLOROQUINA;mg;400;CENTURION
1I1030991006100;INMUNOGLOBULINA HUMANA NORMAL;mg/ml;50;V-IMMUNE
1T1018051000100;TETRACOSACTIDA ACETATO;mg/ml;0;SYNACTHEN
1A1000141000100;ATALUREN;mg;250;TRANSLARNA
1L1005651000100;LIDOCAINA CLORHIDRATO;mg/ml;10;PISACAINA
1E1001601002100;ETOSUXIMIDA;mg;250;PETINIMID
1L1003331003100;LIOTIRONINA;mcg;25;CYTOMEL
1C1029821000100;CLORMETINA;mcg/g;160;LEDAGA
1F1008331000100;FIBRINOGENO HUMANO;g;2;CLOTTAFACT
1M1017221001100;METOTREXATO;mg;3;SPTREX 2,5
1N1024161000102;NIRAPARIB;mg;100;ZEJULA
1I1034601000101;INOTERSEN;mg/ml;1893333;TEGSEDI
1A1001711000100;ATALUREN;mg;125;TRANSLARNA
2E1032451000100;ELEXACAFTOR/TEZACAFTOR/IVACAFTOR;mg;100;TRIKAFTA
1U1005691001100;UBIQUINOL (UBIDECARENONA);mg/U;300;NO REPORTADO
1L1018031002100;LIDOCAINA CLORHIDRATO;mg/ml;20;PISACAINA
1E1029551000101;ETEPLIRSEN;mg/ml;50;EXONDYS 51
1F1002641000100;FIBRINOGENO HUMANO;mg/ml;20;HAEMOCOMPLETTAN
1I1027571000101;INTERFERON ALFA 2 BETA;MUI/mL;5;BIOFERON
1L1034901000100;LORLATINIB;mg;100;LORBRENA
1T1001911000100;TOLVAPTAN;mg;15;SAMSCA
1I1024251000100;IVACAFTOR;mg;150;KALYDECO
1F1007471004100;FLECAINIDA;mg;100;RISING PHARMACEUTICAL
1M1000831000100;METRELEPTIN;mg;11;MYALEPT
1E1032981012100;ENOXAPARINA SODICA;mg/ml;100;ROSINOX-60
1E1032981011100;ENOXAPARINA SODICA;mg/ml;100;ROSINOX-40
1Q1027291000100;ACIDO QUENODEOXICOLICO;mg;250;CHENODAL
1A1005551007100;ASPARAGINASA;UI;10000;KWALTY PHARMACEUTICALS
1S1011101000100;ACIDO DIMERCAPTOSUCCINICO (SUCCIMER);mg;100;CHEMET
1E1023551003100;EPINEFRINA;mg/ml;1;PENEPIN
1M1006061005100;MIDAZOLAM;mg/ml;5;MIDAZOLAM
1I1035001000101;IDEBENONA;mg;150;RAXONE
1I1033751003100;INMUNOGLOBULINA;mg/ml;100;IMMUNOREL
1T1001911004100;TOLVAPTAN;mg;15;TOLVAHEAL
1A1001701000100;ATALUREN;mg;1000;TRANSLARNA
1P1024051000100;PROTIRELINA (Hormona liberadora de tirotropina TRH);mg/ml;0;TRH FERRING
1M1018461000101;METIRAPONA;mg;250;METOPIRONE
1F1028711001100;FIBRINOGENO HUMANO;g;1;NO REPORTADO
1I1001001000100;INMUNOGLOBULINA HUMANA CONTRA LA VARICELA ZOSTER;UI/mL;25;VARITECT CP
1E1032981013100;ENOXAPARINA SODICA;mg/ml;100;ROSINOX-80
1H1027911002100;VACUNA CONTRA LA HEPATITIS B;mcg/ml;20;NO REPORTADO
1P1012181004100;CLORURO DE POTASIO;mg;1500;NO REPORTADO
1A1001611000100;AMILORIDE;mg;5;MODAMIDE
1E1032981014101;ENOXAPARINA SODICA;mg/ml;100;TUXADO
1E1032981014100;ENOXAPARINA SODICA;mg/ml;100;TUXADO-40
2E1037771000100;ELEXACAFTOR/TEZACAFTOR/IVACAFTOR;mg;50;TRIKAFTA
1M1023741008100;MERCAPTOPURINA;mg;50;NO REPORTADO
1M1017421001100;MELFALAN;mg/U;50;MELOMA
1H1039131001100;HEPARINA SODICA;UI/mL;5000;INHEPAR
1G1036161001100;GOLODIRSEN;mg/ml;50;VYONDYS
1B1000571012100;BUSULFAN;mg/ml;6;BUSPHALAN
1V1030561000100;VOLANESORSEN;mg/ml;190;WAYLIVRA
1N1024161000103;NIRAPARIB;mg;100;ZEJULA
1F1002391001100;FOSCARNETSODICO;mg/ml;24;NO REPORTADO
1M1033371000100;MAGNESIO SULFATO;%;10;MAGNEFUSIN
1I1030991005100;INMUNOGLOBULINA HUMANA NORMAL;mg/ml;50;IMMUNOREL
1C1006141000100;CREATINA;mg/ml;100;CYTOTINE
1U1003271000100;UBIDECARENONA;mg/ml;80;CYTO-Q
1F1002641001100;FIBRINOGENO COAGULABLE;g;1;FIBRYGA
1R1002341000100;ROMIDEPSIN;mg/ml;5;ISTODAX
1T1039731000100;TRASTUZUMAB;mg;100;ENHERTU
1D1000031003100;DAUNORUBICINA LIPOSOMAL;mg/ml;2;DUNOLDN
1L1003331000100;LIOTIRONINA;mcg;25;LIOTHYRONINE SODIUM
1D1000031004100;DAUNORUBICINA LIPOSOMAL;mg/ml;2;PEG DAUNDN
1L1001621001101;L-CARNITINA;mg;330;LACARNIT
1T1033161002100;TRIENTINA;mg;250;PAR PHARMACEUTICALS
1P1004431010100;PARACETAMOL;%;1;CAPLIN POINT LABORATORIES
1F1002471000100;FACTOR XIII;UI/Vial;250;FIBROGAMMIN
1H1027911004100;HEPATITIS B VACUNA, ANTIGENO PURIFICADO;mcg/dosis;20;ELOVAC-B
1T1000761000101;TRIHEXIFENIDILO HCl;mg;2;ARTANE
1C1000151003100;CIDOFOVIR;mg/ml;75;KONSINA
1P1012181000100;CLORURO DE POTASIO;mg;1500;NO REPORTADO
1E1005681009100;EPINEFRINA;mg/ml;1;FASTJEKT
1L1040701000100;LUSPATERCEPT;mg/ml;50;REBLOZYL
1P1012181005100;CLORURO DE POTASIO;mg;1500;BLUE POINT
1S1037401000100;SELUMETINIB;mg;25;KOSELUGO
1M1008551000100;CISTEAMINA BITARTRATO;mg;25;PROCYSBI
1M1006441000100;CISTEAMINA BITARTRATO;mg;75;PROCYSBI
1I1030991009100;INMUNOGLOBULINA HUMANA NORMAL;mg/ml;50;IMMUGLO
2B1024281001101;BUPIVACAINA;mg/ml;5;PRADEINA
1C1023461007100;CARMUSTINA;mg;100;CARUSTINE
1T1028021000100;TETRACOSACTIDA;mg/ml;1;SYNACTHEN DEPOT
1M1031251005100;MELFALAN;mg/vial;50;VESPHALAN
1H1029791001100;HEPATITIS B VACUNA, ANTIGENO PURIFICADO;mcg/ml (1 dosis);20;NO REPORTADO
1E1032401003100;ETOSUXIMIDA;mg/ml;50;PETINIMID
1P1027701000100;PEGINTERFERON ALFA -2B;mg/ml;0;PEGIHEP
2B1024281005100;BUPIVACAINA CLORHIDRATO ANHIDRA;mg/ml;5;NO REPORTADO
1P1000021004100;ASPARAGINASA PEGILADA;UI;3750;NO REPORTADO
1A1005551006100;ASPARAGINASA;UI;10000;CELGINASE
1S1008321000100;FOSFATO DE SODIO Y POTASIO EQUIVALENTES A FOSFORO;mg;250;K-PHOS
2A1004651001100;Dermatophagoides Pteronyssinus + Dermatophagoides farinae (50:50);TU/ml;10000;CLUSTOID
2A1004661002100;Dermatophagoides Pteronyssinus + Dermatophagoides farinae + Blomia Tropicalis (33:33:33);TU/ml;10000;CLUSTOID
1M1031251009100;MELFALAN;mg;50;MEDICLONE
1B1001101000101;BETANECOL HCl;mg;25;NO REPORTADO
1F1001691003100;FELBAMATO;mg;600;GLOBAL SERVICE PHARMACEUTICAL
1H1039131002100;HEPARINA SODICA;UI/mL;5000;NO REPORTADO
1A1003951008100;ASPARAGINASA;UI/mL;1000;BRUGINASE
1E1032401000100;ETOSUXIMIDA;mg/ml;50;ZARONTIN
1S1040361000101;SELUMETINIB;mg;10;KOSELUGO
1A1003951004100;L-ASPARAGINASA (Aislada de E. COLI);UI/mL;1000;ASPAROMA
1C1028221000100;CREATINA MONOHIDRATO;mg;5000;CREATINE 5000
1I1035001000100;IDEBENONA;mg;150;RAXONE
1T1001161004100;TIOTEPA;mg/ml;15;TEPAMED
1T1023951000100;TIOTEPA;mg;100;TEPADINA
1T1023261001100;TIOTEPA;mg/ml;15;TEPADINA
1S1011611000100;DILUENTE CLORURO DE SODIO;%;1;ALACRAMYN
1G1035871000100;GIVOSIRAN;mg/ml;189;GIVLAARI
1C1039371000100;CASIMERSEN;mg/ml;50;AMONDYS 45
1E1032981010100;ENOXAPARINA SODICA;mg/ml;100;ROSINOX-20
1T1000761000103;TRIHEXIFENIDILO HCl;mg;2;ARTANE
2I1034651000100;IVACAFTOR;mg;188;ORKAMBI
1E1032401002101;ETOSUXIMIDA;mg/ml;50;NO REPORTADO
1I1030991008100;INMUNOGLOBULINA HUMANA NORMAL;mg/ml;50;VIRCHOW
1P1039971001100;PROTAMINA;mg/ml;10;NO REPORTADO
1L1014091000100;LOMUSTINA;mg;40;CEENU
1A1030051000100;ANFOTERICINA B;mg/ml;3;LIKA LABS
1P1039971000100;PROTAMINA;mg/ml;10;NO REPORTADO
1S1007641002100;SOTALOL;mg;160;MEPHA
1T1023951009100;TIOTEPA;mg;100;THIOMED
2A1005801000100;Alergenos Dermatophagoides Pteronyssinus 50% + Dermatophagoides Farinae 50%;HEP;1;DIATER POLIMERIZADO
2A1005811000100;Al?rgenos Dermatophagoides Pteronyssinus 33,3% + Dermatophagoides Farinae 33,3% + Blomia Tropicalis 33,3%;HEP;1;DIATER POLIMERIZADO
1O1020371004100;OXITOCINA;UI/mL;10;FRESENIUS KABI
1B1037961001100;BACILO CALMETTE-GUERIN;mg/vial;100;ONCO BCG 100
1B1024501002100;BUPIVACAINA;mg/ml;5;BUVACAINA
1T1023261005100;TIOTEPA;mg;15;NO REPORTADO
1E1032981008100;ENOXAPARINA SODICA;mg/ml;100;ENOXATECH-60
1E1032981007100;ENOXAPARINA SODICA;mg/ml;100;ENOXATECH-40
1E1032981009100;ENOXAPARINA SODICA;mg/ml;100;ENOXATECH-80
1A1000281000101;AZUL DE METILENO;mg/ml;10;HB METHYLBLUE
1N1022891000101;NITISINONE;mg;2;NITYR
1A1003951002100;L-ASPARAGINASA E. COLI;UI/mL;1000;LEUCOGINASE
1U1003171000100;UBIQUINOL LIPOSOMAL - COENZIMA Q-10 - UBIDECARENONA;mg/ml;100;CYTO Q MAX
1A1005551005100;ASPARAGINASA ERWINIA;UI;10000;NO REPORTADO
1O1038321000100;OSILODROSTAT;mg;1;ISTURISA
1L1018031002101;LIDOCAINA CLORHIDRATO;mg/ml;20;PISACAINA 2%
1E1005681003100;EPINEFRINA;mg/ml;1;PINADRINA
2A1029861000102;D. PTERONYSSINUS 34%, D. FARINAE 33%, B. TROPICALIS 33%;UT/mL;10000;ALXOID
2A1030431000102;D. pteronyssinus 50% , D. Farinae 50%;UT/mL;10000;ALXOID
1I1033751004100;INMUNOGLOBULINA HUMANA NORMAL;mg/ml;100;HYQVIA
1B1033101000100;MYCOBACTERIUM BOVIS (BCG) Danish Strain 1331;mg/vial;30;BACILLUS CALMETTE GUERIN (BCG CULTURE SSI)
1M1039651000103;METOTREXATO;mg/ml;25;MEKSRATU
1M1019571003100;ACETATO DE MEGESTROL;mg/ml;40;STRIDES PHARMA
1M1000341001100;MITOTANE;mg;500;MITOTANE
1H1007141000100;HORMONA PAROTIROIDEA;mcg/ml;50;NATPARA
1B1038211000100;BIVALIRUDINA;mg/vial;250;THROMBITOR
1M1019571004100;ACETATO DE MEGESTROL;mg/ml;40;NO REPORTADO
1S1015871002100;BICARBONATO DE SODIO;mEq;1;NO REPORTADO
1L1029621000100;LEVOTIROXINA;mg/ml;0;NO REPORTADO
1M1039651000102;METOTREXATO;mg/ml;25;MEKSRATU
1M1039651000101;METOTREXATO;mg/ml;25;MEKSRATU
1E1029551000102;ETEPLIRSEN;mg/ml;50;EXONDYS 51
1I1033801001100;INMUNOGLOBULINA;mg/ml;165;SUBGLOBIN
1S1000731000100;SEBELIPASA ALFA;mg/ml;2;KANUMA
2B1024281003100;BUPIVACAINA CLORHIDRATO ANHIDRA;mg/ml;5;BUPITROY HEAVY
1S1025981001100;SUCCINILCOLINA CLORURO;mg/vial;100;NO REPORTADO
1S1026001000100;DILUYENTE (SOLUCION ISOTONICA DE CLORURO DE SODIO);;0;ARACMYN PLUS
1T1023951004100;TIOTEPA;mg;100;NO REPORTADO
1A1003951006100;L-ASPARAGINASA (Aislada de E. COLI);UI/Vial;10000;ONCONASE
1M1039651000100;METOTREXATO;mg/ml;25;MEKSRATU
1F1001691000100;FELBAMATO;mg;600;TALOXA
1C1006341000100;INHIBIDOR C1 RECOMBINANTE HUMANO/CONESTAT ALFA;UI/mL;150;RUCONEST
1M1000831000101;METRELEPTINA;mg/vial;3;MYALEPT
1C1038521000100;CITARABINA;mg;100;CYRABOL
1T1014381001100;TRETINOINA (ACIDO TRANSRETINOICO);mg;10;AXOPRIT
1M1000341000100;MITOTANO;mg;500;LYSODREN
1E1005681006100;EPINEFRINA;mg/ml;1;ALLERJECT
1M1023721001100;MELFALAN;mg;2;GLOMELFA
1T1001161003100;TIOTEPA;mg/ml;15;THIOMED
1C1038541000100;CITARABINA;mg/vial;1000;CYRABOL
1M1032971000100;MECASERMINA;mg/ml;10;INCRELEX
2B1024281002100;BUPIVACAINA CLORHIDRATO ANHIDRA;mg/ml;5;NO REPORTADO
1G1036621000100;GENERADOR DE GERMANIO-GALIO 68GE/68GA;mCi;50;NO REPORTADO
1P1012181007100;CLORURO DE POTASIO;mg;1500;NO REPORTADO
1A1017371000101;EPITELIO DE PERRO;UT/mL;10000;ALXOID
1A1039791000100;ARIPIPRAZOL;mg;300;ABILIFY MAINTENA
1M1039631000100;MOBOCERTINIB;mg;40;EXKIVITY
1E1001601001100;ETOSUXIMIDA;mg;250;ZARONTIN
1C1002871000100;CLOFAZIMINE;mg;100;LAMPRENE
1T1012841001100;TRIAMTERENO;mg;100;SUPPLY
1I1039341000100;INTERFERON ALFA 2 BETA;MUI/vial;3;RELIFERON
1F1027801000101;FLECAINIDA;mg;50;TAMBOCOR
1N1024481000100;NADOLOL;mg;20;CORGARD
1C1027511001100;GLUCONATO DE CALCIO;%;10;NO REPORTADO
1T1023951003100;TIOTEPA;mg;100;TIOTEPA
1A1023311000103;APIS MELLIFERA 2;?G/mL;100;VENOX
1A1024551000102;VESPULA GERMANICA 2;?G/mL;100;VENOX
1A1017401000102;EXTRACTOS ALERGêNICOS - EPITELIO DE CABALLO;UT/mL;10000;ALUTEK
1B1027551000100;BACILLUS CALMETTE GUERIN;mg/U;40;SII-ONCO-BCG
1T1007651000100;TOLVAPTAN;mg;30;SAMSCA
1C1027451001100;CABOZANTINIB;mg;60;CABOMETYX
2A1004661001101;D. PTERONYSSINUS 34%, D. FARINAE 33%, B. TROPICALIS 33%;UT/mL;30000;ORALTEK
1A1004211000101;HORMIGA ROJA;UT/mL;30000;ORALTEK
1A1013931000101;PERIPLANETA AMERICANA;UT/mL;30000;ORALTEK
3A1039801000100;ALIMENTO ESPECIAL AMINOACIDOS ESENCIALES, CARBOHIDRATOS, VITAMINAS Y MINERALES,;g;13;EAA
2B1024281004100;BUPIVACAINA CLORHIDRATO ANHIDRA;mg/ml;5;BUPICURE-D
1A1006321000100;GATO (EPITELIO);%;100;NO REPORTADO
1A1006331000100;PERRO (EPITELIO);%;100;NO REPORTADO
1T1014381002100;TRETINOINA (ACIDO TRANSRETINOICO);mg;10;CA ATRA-10
1R1025361000100;RIBAVIRINA;mg;200;NO REPORTADO
1M1031251001100;MELFALAN;mg;50;ALKACEL
1C1004121003100;CITARABINA;mg/ml;100;CYTALON
1L1005651002100;LIDOCAINA CLORHIDRATO;mg/ml;10;NO REPORTADO
1H1027911001100;VACUNA HEPATITIS B ?VIRUS INACTIVADO- ANTIGENO DE SUPERFICIE DEL VIRUS DE LA HEPATITIS B (HBsAg);?g/Dosis (1ml);20;REVAC- B+
1L1001081000101;LIOTIRONINA;mcg;50;LIOTHYRONINE SODIUM
1A1039761000100;ALERGENO FELIS DOMESTICUS 100%;HEP/ml;0;DIATER
1A1039771000100;ALERGENO CANIS FAMILIARIS 100%;HEP/ml;0;DIATER
1F1002391000101;FOSCARNETSODICO;mg/ml;24;FOSCARNET
1M1006061017100;MIDAZOLAM;mg/ml;5;NO REPORTADO
1T1024151003102;NITROGLICERINA (TRINITRATO DE GLICEROL);mg/ml;5;NO REPORTADO
1I1007131003100;ISOPRENALINA CLORHIDRATO;mg/ml;0;NO REPORTADO
1A1003951007100;L-ASPARAGINASA;UI/mL;1000;CHRYSANTA
1T1001911003100;TOLVAPTAN;mg;15;VARAN FARMA
1V1001401000100;VANDETANIB;mg;100;CAPRELSA
1T1023951005100;TIOTEPA;mg;100;NO REPORTADO
1B1027551001100;BACILO CALMETTE-GUERIN;mg/U;40;ONCO-BCG
1I1000121000100;INHIBIDOR C1 ESTERASA;UI;500;CINRYZE
2I1032041000101;TEZACAFTOR;mg;50;SYMDEKO
1T1024151003101;NITROGLICERINA;mg/ml;5;NO REPORTADO
1F1002671009100;FENTANILO CITRATO;mg/ml;0;FENSTUD
1F1002671013100;FENTANILO;mg/ml;0;NO REPORTADO
1E1005681002100;EPINEFRINA;mg/ml;0;MEDICAR SUPPLY
1B1024741000100;BUPIVACAINA;mg/ml;8;BUVACAINA
1I1002461000100;IVACAFTOR;mg;150;KALYDECO
1O1027391006100;OMEPRAZOLSODICO;mg;40;NO REPORTADO
1T1003321000100;TRIHEXIFENIDILO HCl;mg;5;ARTANE
1A1000281005100;AZUL DE METILENO;mg/ml;10;BLUESSENS
1A1039611000100;ALERGENO PARAFENILENODIAMINA;mg/ml;100;ALLERGEAZE
1B1012681000100;BENZOATO DE SODIO (SAL DEL ACIDO BENZOICO);g/5ml;1;NO REPORTADO
1F1001591002100;FENELZINA SULFATO;mg;15;NO REPORTADO
1H1030341000101;HEPATITIS B, ANTIGENO PURIFICADO;mcg/ml (1 dosis);20;SILCOV
1T1023951002100;TIOTEPA;mg;100;THERDOSE
1C1023461000100;CARMUSTINA;mg;100;CARMUSTINA
1A1030491000101;ALERGENO FELIS DOMESTICUS;UB/mL;5000;NO REPORTADO
1T1001161005100;TIOTEPA;mg;15;THERDOSE
1A1000281002100;AZUL DE METILENO;mg/ml;10;BLUE BEAM
1P1031041000100;POLATUZUMAB VEDOTINA;mg;20;POLIVY
1D1000331000100;DIAZOXIDO;mg/ml;50;PROGLYCEM
1L1034901001100;LORLATINIB;mg;100;LORVIQUA
1V1024321000100;VALINA;mg;50;VITAFLOW
1E1016261000102;ERIBULINA;mg/ml;0;HALAVEN
1T1023261003100;TIOTEPA;mg/vial;15;TEPAMED
1A1034711001100;APREMILAST;mg;30;APXENTA
1B1027551001101;BACILLUS CALMETTE GUERIN;mg/U;40;ONCO BCG
1A1039361000100;ACARBOSA;mg;50;NO REPORTADO
1L1003331005100;LIOTIRONINA;mcg;25;NO REPORTADO
1A1024551000101;VêSPULA GERMëNICA 1 (VIALES 1, 2, 3, 4 Y 5);;0;
1A1023311000102;APIS MELLIFERA 1 (VIALES 1, 2, 3, 4 Y 5);;0;
2I1029751000100;IVACAFTOR;mg;125;ORKAMBI
2I1008801000101;IVACAFTOR;mg;125;ORKAMBI
1E1005681007100;EPINEFRINA;mg/ml;1;REPREFARCO
1M1031891000100;MELFALAN;mg/ml;10;MELFALAX 50
1L1038181000100;177-Lu CLORURO DE LUTECIO 177;GBq / vial;7;ISO SOLUTIONS
1T1023261007100;TIOTEPA;mg;15;TEPAWEL
2I1032331000101;TEZACAFTOR/IVACAFTOR;mg;1;SYMDEKO
1B1006501000100;BEXAROTENO;mg;75;TARGRETIN
1A1014981000100;AZTREONAM;mg;75;CAYSTON
1G1036161000100;GOLODIRSEN;mg/ml;50;VYONDYS 53
1T1036931000100;TAFAMIDIS;mg;61;VYNDAMAX
1T1023961000100;TRIENTINA CLORHIDRATO;mg;250;SYPRINE
1I1030991007100;INMUNOGLOBULINA HUMANA NORMAL;mg/ml;50;GAMMARAAS
1T1007651001100;TOLVAPTAN;mg;30;TOLVAPTAN
1R1037641000100;RIFAMPICINA;mg;600;RIFADINE
1A1003951003100;L-ASPARAGINASA E. COLI;UI/mL;1000;NO REPORTADO
1A1000281000100;AZUL DE METILENO;mg/ml;10;HB METHYLBLUE
1B1004631002100;BROMURO DE VECURONIO;mg;10;CEVEC
1L1003331001101;LIOTIRONINA;mcg;25;NO REPORTADO
1B1033111007100;BROMURO DE ROCURONIO;mg/ml;10;LUFCUREN
1F1007311001100;FLUCITOSINA;mg;500;ANCOBON
1Q1014651002100;ACIDO QUENODESOXICOLICO;mg;250;LEADIANT
1C1038531000100;CITARABINA;mg/vial;500;CYRABOL
1T1023951001100;TIOTEPA;mg;100;TEPAMED
1M1031251003100;MELFALAN;mg;50;NO REPORTADO
1R1025351000100;RIBAVIRINA;mg;200;VIRON
1L1005941003100;177-Lu CLORURO DE LUTECIO 177;GBq / vial;7;NUCLEOFARMA
1P1002831001100;PIRIMETAMINA;mg;25;NO REPORTADO
1B1013551001100;BUSULFAN;mg/ml;6;BUSLERA
1M1017421002101;MELFALAN;mg/vial;50;MELFALAN
1L1022271000100;LENVATINIB;mg;10;LENVIMA
1L1022261000100;LENVATINIB;mg;4;LENVIMA
1P1008661001100;PROPOFOL;mg/ml;10;SILTAFEL
1C1004121002100;CITARABINA;mg/ml;100;CYTAMAX
1E1022821002100;EDARAVONE;mg/ml;0;RADICAVA
1C1002871001100;CLOFAZIMINA;mg;100;CLOFZIMIN
1P1017931000100;CLORURO DE POTASIO;mg;500;KALIOLITE
1F1007471003100;FLECAINIDA;mg;100;SUMA ACTIVA
1P1023051002100;PROPOFOL;mg/ml;10;MAYOPROFOL
1E1032401000101;ETOSUXIMIDA;mg/ml;50;ZARONTIN
1F1027531000100;FENILBUTIRATO DE GLICEROL;g/ml;1;RAVICTI
1C1024071000100;CREATINA MONOHIDRATO;mg;5000;NO REPORTADO
1I1038731000100;INTERFERON ALFA 2 BETA;MUI/mL;6;RELEFERON
1M1031251004100;MELFALAN;mg/vial;50;NO REPORTADO
1H1027911003100;VACUNA-HEPATITIS B-VIRUS INACTIVADO;mcg/ml;20;RECOMVAX B
1B1001101001100;BETANECOL HCl;mg;25;UROTONE
1H102711001100;HEPATITIS B, ANTIGENO PURIFICADO;mg/ml;0;REVAC-B
1C1004511000100;ACIDO COLICO;mg;250;ORPHACOL
1I1007131004100;ISOPRENALINA CLORHIDRATO;mg/ml;0;NO REPORTADO
1E1005681005100;EPINEFRINA;mg/ml;1;PENEPIN
1M1006061019100;MIDAZOLAM;mg/ml;5;IPNODIS MêDIS
1A1038561000100;ALCOHOL ETILICO;mg/ml;792;ALCSOLUT
1C1003541006100;CISATRACURIO BESILATO;mg/ml;2;BENSITRAK
1C1003541013100;BESILATO DE CISATRACURIO;mg/ml;2;NO REPORTADO
1H1014241004100;HIDROXICLOQUINA;mg;200;NO REPORTADO
1P1008661021100;PROPOFOL;mg/ml;10;GENPROFOL
1P1008661010101;PROPOFOL;mg/ml;10;QUIDRIFOL 1%
1D1001421011100;DEXMEDETOMIDINA;mg/ml;0;HOLLAND GROUP
1B1033111004103;BROMURO DE ROCURONIO;mg/ml;10;NO REPORTADO
1L1037301000100;LAROTRECTINIB;mg;100;VITRAKVI
1F1002651000100;FACTOR XIII;UI;250;FIBROGAMMIN
1K1034751002100;KETAMINA;mg/ml;50;KETAM
1N1025871000100;NOREPINEFRINA;mg/ml;1;PRIDAM
1B1025791000100;BUROSUMAB;mg/ml;10;CRYSVITA
1V1019601007100;VASOPRESINA;UI/mL;20;OPRESSIN
1B1004631008100;BROMURO DE VECURONIO;mg;10;NO REPORTADO
1B1025731000100;BUROSUMAB;mg/ml;20;CRYSVITA
1C1023461001100;CARMUSTINA;mg;100;CARNUMAX 100
2E1028291001100;ACETATO DE MEDROXIPROGESTERONA;mg/ml;50;CYCLOFEM
1B1027161000100;BUROSUMAB;mg/ml;30;CRYSVITA
1G1036671000100;CLORURO DE GALIO;MBq;1;ECKERT ZIEGLER
1A1000281006100;AZUL DE METILENO;mg/ml;10;NO REPORTADO
1P1008661018100;PROPOFOL;mg;10;PROPOFOL
1A1006851000100;TRIOXIDO DE ARSENICO;mg/ml;1;NO REPORTADO
1B1036801000100;BROMURO DE VECURONIO;mg/ml;4;NODESCRON
1I1034601000100;INOTERSEN;mg/ml;189333;TEGSEDI
1H1012341000100;HIDROCORTISONA;mg;10;CORTEF
1P1023051003100;PROPOFOL;mg/ml;10;MEGAPROFOL
1A1006851009100;TRIOXIDO DE ARSENICO;mg/ml;1;NO REPORTADO
1A1015921002100;ATROPINA;mg/ml;1;ATROPISA
1I1031881000100;INTERFERON ALFA;MUI/mL;10;INTRON A
1C1003541006101;BENSILATO DE CISATRACURIO;mg/ml;2;BENSITRAK
1C1004121005101;CITARABINA;mg/ml;100;HEALTH NET
1M1031251008100;MELFALAN;mg/vial;50;ALKERAN
1V1019601006100;VASOPRESINA;UI/mL;20;CYPLERSAMEX
1B1004631006100;BROMURO DE VECURONIO;mg;10;VECURONIO
1B1033581002100;ATRACURIO BESILATO;mg/ml;10;NO REPORTADO
1P1008661012100;PROPOFOL;mg/ml;10;NO REPORTADO
1P1000161002100;PROBENECID;mg;500;LANNETT CO INC
1C1000151000100;CIDOFOVIR;mg/ml;75;HERITAGE
1L1005941002100;177-Lu CLORURO DE LUTECIO 177;GBq / vial;7;ISO SOLUTIONS
1B1033581000100;BESILATO DE ATRACURIO;mg/ml;10;RELATRAC
1D1001421001100;DEXMEDETOMIDINA;mg/ml;0;KRUNAMINA
1C1004121003101;CITARABINA;mg/ml;100;CYTALON 500
1O1027141001100;OXITOCINA;UI/mL;5;OXITOPISA
1D1023501002100;DANTROLENOSODICO;mg;20;NO REPORTADO
1L1033711000100;LEVOTIROXINA;mcg;150;TIROSINT
1A1000281003100;AZUL DE METILENO;mg/ml;10;HOLLAND GROUP
1E1001601003101;ETOSUXIMIDA;mg;250;ETHYMAL
1T1024151006100;NITROGLICERINA (TRINITRATO DE GLICEROL);mg/ml;5;NO REPORTADO
1T1014381000100;TRETINOINA (ACIDO TRANSRETINOICO);mg;10;VESANOID
1P10121810004100;CLORURO DE POTASIO;mg;1500;CLORURO DE POTASIO
1V1019601005100;VASOPRESINA;UI/mL;20;ARTERINA
1M1006061013100;MIDAZOLAM;mg/ml;5;HOLLAND GROUP
1I1033701000100;INTERFERON ALFA 2B (Recombinante);MUI;5;NO REPORTADO
1A1036741000100;L-ASPARAGINASA E. COLI;UI/mL;2000;ONCONASE 10
1T1014381005100;TRETINOINA (ACIDO TRANSRETINOICO);mg;10;TRETINOINA
2V1011701000100;FABOTERAPICO POLIVALENTE ANTIOFIDICO (VENENO BOTHROPS SP. 30mg, VENENO CROTALUS SP. 7mg, VENENO LACHESIS SP. 15mg);;30;
1A1006851007100;TRIOXIDO DE ARSENICO;mg/ml;1;CADILA HEALTHCARE LIMITED
1N1022901000100;NITISINONE;mg;5;NITYR
1D1004291001100;DIAZEPAM;mg/ml;5;RELAZEPAM
1A1006851005100;TRIOXIDO DE ARSENICO;mg/ml;1;ARSENIN
1A1006851002102;TRIOXIDO DE ARSENICO;mg/ml;1;VARITRINOX
1Q1014651003100;ACIDO QUENODEOXICOLICO;mg;250;URSOFALK
1O1020371001100;OXITOCINA;UI/mL;10;CLEARTOCIN
1C1004121001100;CITARABINA;mg/ml;100;ONCOTAR
1N1025871000101;NOREPINEFRINA;mg/ml;1;PRIDAM
1M1006061012100;MIDAZOLAM;mg/ml;5;RELACUM
1A1003951005100;L-ASPARAGINASA E. COLI;UI/mL;1000;ONCONASE 10
1L1005651000102;LIDOCAINA CLORHIDRATO;mg/ml;10;PISACAINA
1M1005531002100;METOTREXATO;mg/ml;25;UNITREXATE
1T1024151005100;NITROGLICERINA (TRINITRATO DE GLICEROL);mg/ml;5;NO REPORTADO
2E1028291001102;ACETATO DE MEDROXIPROGESTERONA;mg/ml;50;CYCLOFEM
2B1024441000100;BUPIVACAINA;mg/ml;5;BUVACAINA PESADA
1B1000571007100;BUSULFAN;mg/ml;6;BUSULOMA
1L1001621000100;LEVOCARNITINA;mg;330;CARNITOR
1D1008881003100;DOPAMINA CLORHIDRATO;mg/ml;40;NO REPORTADO
1I1030991004100;INMUNOGLOBULINA HUMANA NORMAL;mg/ml;50;BIOVEN MONO
1C1023451000100;CLORURO DE CALCIO;mg/ml;100;CLORURO DE CALCIO
1T1000761001100;TRIHEXIFENIDILO CLORHIDRATO;mg;2;NO REPORTADO
1H1007141000101;HORMONA PAROTIROIDEA;mcg;50;NATPARA
1A1000101000105;ASFOTASA ALFA;mg/ml;28;STRENSIQ
1A1006851008100;TRIOXIDO DE ARSENICO;mg/ml;1;ARSEDN
1I1033931000100;INMUNOGLOBULINA HUMANA NORMAL;mg/ml;50;BIOVEN MONO
1F1027751001100;FLUCITOSINA;mg;500;FLUSYNERG
1R1005521002100;REMIFENTANILO;mg;2;REMIFENTANILO
1T1001161001100;TIOTEPA;mg;15;TEPADINA
1T1000591001100;TIOTEPA;mg;100;TEPADINA
1C1023461006100;CARMUSTINA;mg;100;NO REPORTADO
1F1001691000101;FELBAMATO;mg;600;TALOXA
1E1004681003100;EPINEFRINA;mg/ml;0;FASTJEKT
1R1001921000101;RUFINAMIDA;mg;400;INOVELON
1P1008661007100;PROPOFOL;mg/ml;10;POFOL
1I1033751002100;INMUNOGLOBULINA HUMANA NORMAL;mg/ml;100;BIOVEN
1A1000101000106;ASFOTASA ALFA;mg/ml;40;STRENSIQ
1E1023551001100;EPINEFRINA;mg/ml;1;PENEPIN JUNIOR
1A1000101000104;ASFOTASA ALFA;mg/ml;40;STRENSIQ
1M1006621005100;MIDAZOLAM;mg/ml;5;SEDOZOLAM
1N1025741002100;NORADRENALINA;mg/ml;44659;NORADRENALINA
1B1033111005100;BROMURO DE ROCURONIO;mg/ml;10;ROCUFINE
1M1006621004100;MIDAZOLAM;mg/ml;1;MEDZOL
2L1012991000100;LEVOTIROXINA;mcg;100;NOVOTHYRAL
1L1003331001100;LIOTIRONINA;mcg;25;SIGMAPHARM
1R1034301000100;REMIFENTANILO;mg/ml;2;BIOMEDICAL PHARMA
1M1006061007100;MIDAZOLAM;mg/ml;5;ZOLAMID
1M1006061010100;MIDAZOLAM;mg/ml;50;SERRACLINICS
1U1026361000100;USTEKINUMAB;mg;90;STELARA
1M1023741005101;MERCAPTOPURINA;mg;50;NO REPORTADO
1A1028361001100;L-ASPARAGINASA;UI/mL;10000;CHRYSANTA 3937
1C1001051002100;ASPARAGINASA ERWINIA;UI;10000;HB DADANTII
3A1016771000100;ALIMENTO ESPECIAL CON AMINOACIDOS MODIFICADOS;g;400;CYCLINEX-2
1T1033161000100;TRIENTINA;mg;250;LANNETT
1D1034671000100;DEXMEDETOMIDINA;mcg/ml;4;NO REPORTADO
1P1012181006100;CLORURO DE POTASIO;mg;1500;NO REPORTADO
1G1032531000100;GENERADOR DE GERMANIO-GALIO 68GE/68GA;mCi;20;NO REPORTADO
1T1000591003101;TIOTEPA;mg;100;THIOMED
1L1025421000100;177-Lu CLORURO DE LUTECIO 177;GBq / vial;7;ITG
1A1005551001100;ASPARAGINASA ERWINIA;UI;10000;ERWINASE
1B1033111004101;BROMURO DE ROCURONIO;mg/ml;10;NO REPORTADO
1I1033751001100;INMUNOGLOBULINA HUMANA NORMAL;mg/ml;100;BIOVEN
1S1015871001100;BICARBONATO DE SODIO;mEq/ml;1;NO REPORTADO
1G1019521000100;GONADORELINA ACETATO;mcg/ml;100;LHRH FERRING
1V1019601004100;VASOPRESINA;mg;20;ADVANCE SCIENTIFIC
1R1005521003100;REMIFENTANILO;mg;2;HAMELN
1F1002671003100;FENTANILO;mg/ml;0;NO REPORTADO
1M1006061006100;MIDAZOLAM;mg/ml;5;NO REPORTADO
1F1002671004100;FENTANIL CITRATO;mg/ml;0;NO REPORTADO
1D1001091003100;DAPSONA;mg;100;SETON
1B1004631003100;BROMURO DE VECURONIO;mg;10;NO REPORTADO
1B1033111003100;BROMURO DE ROCURONIO;mg/ml;10;NO REPORTADO
1I1027571000100;INTERFERON ALFA 2 BETA;MUI/mL;5;NO REPORTADO
1M1000341000101;MITOTANO;mg;500;LYSODREN
1D1008881002100;DOPAMINA CLORHIDRATO;mg/ml;40;NO REPORTADO
1T1014381004100;TRETINOINA (ACIDO TRANSRETINOICO);mg;10;MEBATRIN
1D1001421008101;DIAZEPAM;mg/ml;44602;DIAZEPAM
1F1002671002100;FENTANILO;mg/ml;0;FENTANILO
2I1032331000100;TEZACAFTOR;mg;100;SYMDEKO
1I1033751000101;INMUNOGLOBULINA;mg/ml;100;PANZYGA
1O1024191001100;ORNITINA;g;100;L-ORNITINA NM
1C1003541005101;CISATRACURIO;mg/ml;2;NIMBEX
1H1011461001100;HALOPERIDOL;mg/ml;5;LABORATORIOS BIOSANO
1I1033801000100;INMUNOGLOBULINA;mg/ml;165;CUTAQUIG
2E1028291004100;ACETATO DE MEDROXIPROGESTERONA;mg/ml;50;CYCLOVERA
1D1000031001100;DAUNORUBICINA LIPOSOMAL;mg;2;STRENUUS MARKETING
2E1028291002100;ACETATO DE MEDROXIPROGESTERONA;mg/ml;50;CYCLOFEMINA
1R1005721001100;RUFINAMIDA;mg;200;INOVELON
1L1026881000100;177-Lu CLORURO DE LUTECIO 177;MBq;37;SPECTRON
1L1026871000100;177-Lu CLORURO DE LUTECIO 177;MBq / vial;5550;SPECTRON
1M1023741006100;MERCAPTOPURINA;mg;50;NO REPORTADO
1T1033161001100;TRIENTINA;mg;250;VESPRINE
1B1018491001100;BROMURO DE VECURONIO;mg/ml;4;DOXCUROM
2I1032041000100;TEZACAFTOR;mg;50;SYMDEKO
1A1006851006100;TRIOXIDO DE ARSENICO;mg/ml;1;ASADIN
1Q1001181000100;QUINIDINA SULFATO;mg;200;QUINIDINE SULFATE
1A1032311001100;AMFOTERICINA B;mg;50;THERIZYN VP
1C1003541003100;CISATRACURIO;mg/ml;2;CITRALEX
1R1005721001101;RUFINAMIDA;mg;200;INOVELON
1D1023501001100;DANTROLENOSODICO;mg;20;DANTRIUM
1S1026431000100;SUCCINILCOLINA CLORURO;mg/ml;20;UXICOLIN
1B1033111001100;BROMURO DE ROCURONIO;mg/ml;10;ESMERON
1L1003331004100;LIOTIRONINA;mcg;25;CYNOMEL
1M1019571002100;ACETATO DE MEGESTROL;mg/ml;40;MEGETRAL
1M1026201000100;ACETATO DE MEGESTROL;mg/ml;40;MEGETRAL
1B1000571011100;BUSULFANO;mg/ml;6;EMCURE
1T1001911002;TOLVAPTAN;mg;60;NO REPORTADO
1A1000111000101;ASFOTASA ALFA;mg/ml;28;STRENSIQ
1M1023741004100;MERCAPTOPURINA;mg;50;KAPTO
1S1023241000100;SUERO ANTIOFIDICO POLIVALENTE INYECTABLE;mg/ml;120;POLIVAL-ICP
1M1023741001101;MERCAPTOPURINA;mg;50;NO REPORTADO
1A1006851002101;TRIOXIDO DE ARSENICO;mg/ml;1;VARITRINOX
1D1023501000100;DANTROLENOSODICO;mg;20;DANTROLEN
1D1000031002100;DAUNORUBICINA LIPOSOMAL;mg;2;DAUNORRUBICIN
1R1001921000100;RUFINAMIDA;mg;400;INOVELON
1V1014081000100;VANDETANIB;mg;300;CAPRELSA
1C1024451000100;CIPROFLOXACINO;g/ml;5;CIPRO
1T1001911002100;TOLVAPTAN;mg;15;TVAPTAN
1V1019711001100;VENETOCLAX;mg;100;VENCLYXTO
1V1019711001101;VENETOCLAX;mg;100;VENCLYXTO
1T1031771001100;TUBERCULINA PPD;UI/mL;50;TUBERCULINA PPD
1A1005551004100;ASPARAGINASA ERWINIA;UI;10000;GENBIE
1B1000571010100;BUSULFAN;mg/ml;6;NO REPORTADO
1M1023741003100;MERCAPTOPURINA;mg;50;SILVER
1T1023261002100;TIOTEPA;mg;15;TIOTEPA
3A1013711000100;EXTRACTOS ALERGêNICOS;;;NO REPORTADO
1B1000571008101;BUSULFAN;mg/ml;6;BUSULFAN VARIFARMA
1M1023721000100;MELFALAN;mg;2;NO REPORTADO
1F1031481000100;FELBAMATO;mg/ml;120;TALOXA
1N1017381000100;NUSINERSEN;mg/ml;13;SPINRAZA
1B1000571001100;BUSULFAN;mg/ml;6;BUSILVEX
1P1002861000100;PEGVISOMANT;mg/ml;20;SOMAVERT
1T1012841000100;TRIAMTERENO;mg;100;DYRENIUM
1P1001471000100;PEGVISOMANT;mg/ml;10;SOMAVERT
1T1031771000100;TUBERCULINA PPD;UT/mL;50;NO REPORTADO
1T1014381003100;TRETINOINA (ACIDO TRANSRETINOICO);mg;10;MEBATRIN
1A1020721000100;ALECTINIB;mg;150;ALECENSA
1F1007321011100;FOLINATO DE CALCIO;mg/ml;10;LEUCOMA
1F1007321005100;FOLINATO DE CALCIO;mg/ml;10;LEUCOVORIN
1T1000591004100;TIOTEPA;mg;15;TEPAMED
1F1002391000100;FOSCARNETSODICO;mg/ml;24;NO REPORTADO
1H1025101000101;HORMONA PAROTIROIDEA;mcg;25;NATPARA
1F1001691001101;FELBAMATO;mg;600;TALOXA
1T1028241000101;TUBERCULINA PPD;UT/mL;50;NO REPORTADO
2E1028291003100;ACETATO DE MEDROXIPROGESTERONA;mg/ml;50;NO REPORTADO
1E1001601003100;ETOSUXIMIDA;mg;250;ETHYMAL
1R1000741000100;REGORAFENIB;mg;40;STIVARGA
1C1000151002100;CIDOFOVIR;mg/ml;75;NO REPORTADO
1P1000161000100;PROBENECID;mg;500;NO REPORTADO
1I1027481000100;INTERFERON ALFA 2 BETA;MUI/mL;3;INTALFA
1M1023741001100;MERCAPTOPURINA;mg;50;NO REPORTADO
1B1000571005100;BUSULFAN;mg/ml;6;KABISULFAN
1A1005551002100;ASPARAGINASA ERWINIA;UI;10000;NO REPORTADO
1B1000571003100;BUSULFAN;mg/ml;6;BUCELON 60
1P1007681003100;PRIMIDONA;mg;250;PRIDONA
1A1020541000100;AVELUMAB;mg/ml;20;BAVENCIO
1M1005531006100;METOTREXATO;mg/ml;25;NO REPORTADO
1M1005531004101;METOTREXATO;mg/ml;25;NO REPORTADO
1F1029401003100;FOLINATO DE CALCIO (ACIDO FOLINICO);mg/ml;10;LEUCOREM
1F1029401001100;FOLINATO DE CALCIO (ACIDO FOLINICO);mg;50;NO REPORTADO
1L1005941001100;177-Lu CLORURO DE LUTECIO 177;MBq;37;SPECTRON
1R1001601004100;ETOSUXIMIDA;mg;250;STRENUUS MARKETING
1D1001091000100;DAPSONA;mg;100;DABSON
1P1000421000100;PENTOSAN POLISULFATO;mg;100;ELMIRON
1A1020541000101;AVELUMAB;mg/ml;20;BAVENCIO
1E1004581002100;ADRELINA;mg;1;NO REPORTADO
1F1001591001100;FENELZINA SULFATO;mg;15;NARDIL
1S1000991000100;SILTUXIMAB;mg;400;SYLVANT
1F1030121000100;FOLINATO DE CALCIO EQUIVALENTE A ACIDO FOLINICO;mg/ml;3;INNEFOL
1P1012181003100;CLORURO DE POTASIO;mEq;20;K-LOR CON M20
1V1019711000106;VENETOCLAX;mg;100;VENCLEXTA
1E1001601004100;ETOSUXIMIDA;mg;250;STRENUUS MARKETING
1D1000031000100;DAUNORUBICINA LIPOSOMAL;mg;2;DAUNOXOME
1T1012051001101;TUBERCULINA PPD;UI/mL;50;TUBERCULINA PPD
1A1020721000102;ALECTINIB;mg;150;ALECENSA
1O1027141002100;OXITOCINA;UI/mL;5;SYNTOCINON
1I1026751000100;INHIBIDOR C1 ESTEARASA;UI;500;CINRYZE
1S1017541000100;OXIBATO DE SODIO;mg/ml;500;XYREM
1D1030021001100;DURVALUMAB;mg;50;NO REPORTADO
1M1019571000100;ACETATO DE MEGESTROL;mg/ml;40;MEGARA
1T1000591000100;TIOTEPA;mg/ml;10;ADIENNE
1E1023551002100;EPINEFRINA;mg/ml;1;EPIPEN JUNIOR
1A100141000100;ATALUREN;mg;250;TRANSLARNA
1E1018521004100;EDARAVONA;mg/ml;2;EDASTAR
1E1018521002100;EDARAVONA;mg/ml;2;EDASTAR
1A1031061000100;ANFOTERICINA B LIPOSOMAL;mg/ml;1;FUNGISOME
1C1019871000101;CERLIPONASA ALFA;mg/ml;30;BRINEURA
1F1028711000100;FIBRINOGENO COAGULABLE;g;1;FIBRYGA
1P1031001000100;POCAPAVIR;mg;220;NO REPORTADO
1L1026881001100;177-Lu CLORURO DE LUTECIO 177;mCi;200;DOTATOC
1F1001591000100;FENELZINA SULFATO;mg;15;NARDELZINE
1A1030061000100;ANFOTERICINA B LIPOSOMAL;mg/ml;2;L-AMPHOSEVEN
1T1023961003100;TRIENTINA;mg;250;STRENUUS
1E1004681000101;EPINEFRINA;mg/ml;0;EPIPEN JUNIOR
1M1005531001100;METOTREXATO;mg/ml;25;NO REPORTADO
1M1005531001101;METOTREXATO;mg/ml;25;NO REPORTADO
1A1001071001100;ANAGRELIDE;mg;1;TEVA
1A1030081000100;ANFOTERICINA B LIPOSOMAL;mg/ml;3;AMBILIP
1F1012871004100;FLUOROURACILO;mg/ml;50;5 FLUCEL 500
1T1024151003100;NITROGLICERINA (TRINITRATO DE GLICEROL);mg/ml;5;NO REPORTADO
1I1027611000100;INTERFERON ALFA 2 BETA;MUI;10;INTRON A
1F1007321001100;FOLINATO DE CALCIO;mg/ml;10;NO REPORTADO
1E1022821000100;EDARAVONA;mg/ml;0;RADICUT
1M1005541002100;METOTREXATO;mg/ml;100;TREXOL
1D1023501001101;DANTROLENOSODICO;mg;20;DANTRIUM
1C1004471000101;ACIDO COLICO;mg;50;ORPHACOL
1C1019871000100;CERLIPONASA ALFA;mg/ml;30;BRINEURA
1L1008071000100;LEVOTIROXINA;mcg;125;TIROSINT
2I1008801000100;LUMACAFTOR;mg;200;ORKAMBI
1A1027981003100;AMIODARONA;mg;200;NO REPORTADO
1P1027901000100;PONATINIB;mg;15;ICLUSIG
1M1019571001100;ACETATO DE MEGESTROL;mg/ml;40;TRACETATE
1A1027981002100;AMIODARONA CLORHIDRATO;mg;200;NO REPORTADO
1T1023261000100;TIOTEPA;mg;15;ALCHILANTI
1G1024311000100;GENERADOR DE GERMANIO-GALIO 68GE/68GA;MBq;1850;NO REPORTADO
1A1006851004100;TRIOXIDO DE ARSENICO;mg/ml;1;ARSITRI
2A1030001000100;Alergenos Dermatophagoides Pteronyssinus 100% + Dermatophagoides Farinae 100%;HEP;0;DIATER POLIMERIZADO 100
1D1026661000100;DURVALUMAB;mg/ml;50;NO TIENE
1F1002391003100;FOSCARNETSODICO;mg/ml;24;FOSCAVIR
2A1005811001100;ALERGENO DERMATOFAGOIDES PTERONISIMUS (1,8 Hep);;;
2A1005801001100;ALERGENO DERMATOFAGOIDES PTERONISIMUS (1,8 Hep);;;
1T1023961002100;TRIENTINA;mg;250;TRIENTAB
1D1001991001100;DANTROLENOSODICO;mg;20;DANTRIUM
1R1006481000100;RIBOFLAVINA;mg;100;VITAMINA B2
1V1019711000101;VENETOCLAX;mg;100;VENETOCLAX
1A1027981001100;AMIODARONA CLORHIDRATO;mg;200;NO REPORTADO
2E1025261000100;LIDOCAINA CLORHIDRATO;mg/ml;20;PISACAINA 2% CON EPINEFRINA
1H1027911000100;VACUNA DE LA HEPATITIS B (rADN) (Adultos)-ANTIGENO DE SUPERFICIE DEL VIRUS DE LA HEPATITIS B.;mg/ml;0;NO REPORTADO
1O1020371002100;OXITOCINA;UI;10;OXYCIN-10
1M1023741000100;MERCAPTOPURINA;mg;50;NO REPORTADO
1A1000281001100;AZUL DE METILENO;mg/ml;10;BLUMET
1A1001761000100;ANAGRELIDE;mg;1;TEVA
1P1011551000100;PONATINIB;mg;15;ICLUSIG
1M1018461000102;METIRAPONA;mg;250;METOPIRONE
1F1012871006100;FLUOROURACILO;mg/ml;50;NO REPORTADO
1F1029401000100;FOLINATO DE CALCIO;mg/ml;50;LEUCOVORIN
1l1001391001100;LEVOCARNITINA;mg/ml;100;L-CARNITINA
1M10008311000100;METRELEPTIN;mg;11;MYALEPT
3A1019211000100;DIETA LIBRE DE AMINOACIDOS NO ESENCIALES;g;400;ELECARE JR
1F1012871005100;5-FLUOROURACILO;mg/ml;50;FLUORAMED
1A1028881000100;ASPARAGINASA E. COLI;UI;10000;SPECTRILA
1I1024081000100;INMUNOGLOBULINA HUMANA ANTI D;mg/ml;0;RHOCLONE
3A1017471000100;DIETA LIBRE DE AMINOACIDOS NO ESENCIALES;g;400;PRO PHREE
1C1028781000100;HORMONA ADRENOCORTICOTROPINA;mg/ml;0;AMPHASTAR PHARMA
1P1001131000100;PONATINIB;mg;15;ICLUSIG
1B1000571004100;BUSULFAN;mg/ml;6;NO REPORTADO
1S1011101002100;SUCCIMER;mg;100;SUXIMER
1E10056811003100;EPINEFRINA;mg/ml;1;PINADRINA
1T1012051001100;TUBERCULINA PPD;UI/mL;5;ARKRAY - HOLLAND GROUP
1P1000421001100;PENTOSAN POLISULFATO;mg;100;ELMIRON
1E1004681000100;EPINEFRINA;mg/ml;0;EPIPEN JUNIOR
1O1027141000100;OXITOCINA;UI/mL;5;NO REPORTADO
1D1023251000100;DUPILUMAB;mg/ml;150;DUPIXENT
1I1027231000100;IBRITUMOMAB - TIUXETAN;mg;3;ZEVALIN
1A1028251000100;L-ASPARAGINASA;UI;10000;NO REPORTADO
1A1006851002100;TRIOXIDO DE ARSENICO;mg/ml;1;VARITRINOX
1M1001541000100;CISTEAMINA CLORHIDRATO;mg;6;CYSTADROPS
1F1007321003100;FOLINATO DE CALCIO;mg/ml;10;HB HUMAN BIOSCIENCE SAS
1E1005681004100;EPINEFRINA;mg/ml;1;ADRENALINE
1N1025871002100;NOREPINEFRINA;mg/ml;1;NOREPINEPHRINE
1T1027961000100;TUBERCULINA PPD;mg/ml;0;PPD RT 23 SSI
1T1012051000100;TUBERCULINA PPD;mg/ml;0;ADVANCE SCIENTIFIC
1F1027801000100;FLECAINIDA;mg;50;TAMBOCOR
1S1007851000100;SUVOREXANT;mg;10;BELSOMRA
1F1007321007100;FOLINATO DE CALCIO;mg/ml;10;FCV PHARMA & CAFONATE
1I1024081001100;INMUNOGLOBULINA HUMANA ANTI D;mcg;300;NEXT PHARMA
1N1025871001101;NOREPINEFRINA;mg/ml;2;ADRENOR
1F1012871003100;FLUORURACILO;mg/ml;50;SAMART LIFE
1F1027751000100;FLUCITOSINA;mg;500;NO REPORTADO
1E1001601000100;ETOSUXIMIDA;mg;250;SUXILEP
1E1023551000100;EPINEFRINA;mg/ml;1;EPINEFRINA
1L1014421000100;LEVOTIROXINA;mg;1;L-THYROXIN HENNING INJECT
1R1000411001100;REGORAFENIB;mg;40;NUBLEXA
1T1024151001100;NITROGLICERINA (TRINITRATO DE GLICEROL);mg;5;biomedical pharma ltda
1I1024081000101;INMUNOGLOBULINA HUMANA ANTI D;mcg;300;RHOCLONE
1B1017611000100;BELINOSTAT;mg;500;BELEODAQ
1P1012181002100;CLORURO DE POTASIO;mg;1500;SANDOZ
1M1005531004100;METOTREXATO;mg/ml;25;NEXT PHARMA
1N1017382000100;NUSINERSEN;mg/ml;2;SPINRAZA
1T1024151004100;NITROGLICERINA (TRINITRATO DE GLICEROL);mg/ml;5;NITROVIR
1N1024161000101;NIRAPARIB;mg;100;ZEJULA
1B1010761000100;BIOTINA INSIPIDA CONCENTRADA;mg/ml;5;CYTO B7
1R1006101000100;RIBOFLAVINA;mg;343;CYTO B2
1U1026391000100;USTEKINUMAB;mg;130;STELARA
1P1000421003100;PENTOSAN POLISULFATO;mg;100;PENTODOL
1F1012871002100;FLUORURACILO;mg/ml;50;ONCOFLUOR
1E1018521000100;CERLIPONASA ALFA;mg/ml;30;BRINEURA
1M1005531002101;METOTREXATO;mg/ml;25;UNITREXATE
1H1020081000100;HEMINA HUMANA - NORMOSANG;mg/ml;25;NORMOSANG
1P1003401000100;PALBOCICLIB;mg;125;IBRANCE
1R1022941000104;RIBOCICLIB;mg;200;KISQALI
1F1007321006100;FOLINATO DE CALCIO;mg/ml;10;UNIFOLIN
1T1012051000101;TUBERCULINA PPD;UI/mL;5;ADVANCE SCIENTIFIC
2A1005101000100;EXTRACTOS ALERGêNICOS;;110;ALLERGOVAC
1L1028671000100;177-Lu CLORURO DE LUTECIO 177;mEq;28;SPECTRON
1A1015651000100;EXTRACTOS ALERGêNICOS;VARIOS;30;NO REPORTADO
1M1024471000100;MIDOSTAURINA;mg;25;RYDAPT
1T1000761000100;TRIHEXIFENIDILO HCl;mg;2;ARTANE
1S1011101001100;ACIDO DIMERCAPTOSUCCINICO (SUCCIMER);mg;100;SUCCIMER
1A1006851003100;TRIOXIDO DE ARSENICO;mg/ml;1;PHENASEN
1F1007321010100;FOLINATO DE CALCIO;mg/ml;10;LEUCOVORIN CALCIUM
1N1025741001100;NOREPINEFRINA;mg/ml;2;NOR EPINEPH
1C1020451000100;L-CITRULINA;g;100;CITRULINA
3A1016771001100;ALIMENTO;g;400;CYCLINEX
1B1001101003100;BETANECOL HCl;mg;25;AMNEAL
3A1003191000100;DIETA LIBRE DE TIROSINA Y FENILALANINA;g;400;TYREX-2
1I1024231000100;INMUNOGLOBULINA HUMANA ANTI D;mcg;300;RHOPHYLAC
1O1024401000100;OLAPARIB;mg;150;GLOBAL SERVICE PHARMACEUTICAL
2A1025961000100;EXTRACTOS ALERGêNICOS;mg;100;VENENO DE HIMENEPTEROS
1N1025871001100;NOREPINEFRINA;mg/ml;1;ADRENOR
1E1018521003100;EDARAVONA;mg/ml;2;NICHI-IKO
3A1011401000100;ALIMENTO EN POLVO NUTRICIONALMENTE COMPLETO CON FINES MEDICOS ESPECIALES PARA EL MANEJO NUTRICIONAL DE LACTANTES Y NIÛOS CON INSUFICIENCIA RENAL CRONICA;;2;GALACTOMIN 19
1L1005931001100;177-Lu CLORURO DE LUTECIO 177;mEq;28;SPECTON
1O1022861000100;OCRELIZUMAB;mg/ml;30;OCREVUS
1P1007681001100;PRIMIDONA;mg;250;MYSOLINE
1E10185221002100;EDARAVONA;mg/ml;2;EDASTAR
1P1014111000100;PROCARBAZINA;mg;50;NATULAN
1A1000321000100;ANAKINRA;mg/ml;149;KINERET
2T1004111000100;TRIFLURIDINA;mg;20;LONSURF
1T1000761000102;TRIHEXIFENIDILO HCl;mg;2;ARTANE
1D1001091001100;DAPSONA;mg;100;DABSON
1O1013991000100;OLARATUMAB;mg/ml;10;LARTRUVO
1P1011551000101;PONATINIB;mg;15;ICLUSIG
1L1022271001100;LENVATINIB;mg;10;KISPLYX
1L1022261001100;LENVATINIB;mg;4;KISPLYX
1F1017941000100;FOLINATO DE CALCIO;mg/ml;50;LUCAL
1T1003321000101;TRIHEXIFENIDILO HCl;mg;5;NO REPORTADO
1A1005551001;ASPARAGINASA ERWINIA;UI;10000;ERWINASE
1S1025981000100;CLORURO DE SUCCINILCOLINA;mg;500;SUXIM
1A1000101000101;ASFOTASA ALFA;mg/ml;40;STRENSIQ
1F1022811001100;LEUCOVORIN;mg/ml;50;LUCAL
1A1003101000101;ANAKINRA;mg/ml;100;KINERET
1C1000151001100;CIDOFOVIR;mg/ml;375;NO REPORTADO
1T1000981000100;TEDUGLUTIDA;mg/ml;10;REVESTIVE
1A1000101000103;ASFOTASA ALFA;mg/ml;40;STRENSIQ
1F1001691002100;FELBAMATO;mg;600;ALVOGEN
1A1000101000102;ASFOTASA ALFA;mg/ml;40;STRENSIQ
1A1007581000100;AGANIRSEN;mg/ml;1;GS-101
1N1007041000100;NITISINONE;mg;4;ORFADIN
1T1025781000100;TREOSULFAN;g;5;OVASTAT
1L10033310001101;LIOTIRONINA;mcg;25;SIGMAPHARM
1P1016471000100;SULFATO DE PROTAMINA;mg/ml;72;NO REPORTADO
1F1007471000100;FLECAINIDA;mg;100;TAMBOCOR
2E1024171000100;LIDOCAINA COMBINACIONES;%;2;FD
1L1005941000100;177-Lu CLORURO DE LUTECIO 177;mEq;37;ITG
1P1019551001100;PROBENECID;mg;500;HB HUMAN
1A1001061004100;ANAGRELIDE;mg;1;AGRYLIN
1A1000101000100;ASFOTASA ALFA;mg/ml;1;STRENSIQ
1L1008141000100;LIOTIRONINA;mcg;25;CYTOMEL
1I1006571000100;INDOMETACINA;mg/ml;1;METIN-DAP
1N1025741000100;NOREPINEFRINA;g;8;CURENALINE
1A1025721000100;L-ARGININA;g;7;ARGININA NM
1S1025711000100;FENILBUTIRATO DE SODIO;g;100;AMBUTYRATE
1F1024271000100;FOLINATO DE CALCIO;mg/ml;350;ALONAT
1L1005651000101;LIDOCAINA CLORHIDRATO;mg/ml;10;PISACAINA 1%
1M1000081000100;MITOTANO;mg;500;LYSODREN
1T1001161000100;TIOTEPA;mg/ml;15;ADIENNE
1G1024581000100;HORMONA LIBERADORA DE GONADOTROPINAS HIPOFISIARIAS HUMANAS;mcg/ml;100;HORMONA LIBERADORA DE GODOTROPINA
1C1020321000100;CIPROFLOXACINO;mg/ml;3;CIPRO
1A1001071000;ANAGRELIDE;mg;1;ANAGRELIDE
1C1001051000100;ASPARAGINASA ERWINIA;UI/mL;10000;ERWINASE
1C1025411000100;CERITINIB;mg;150;ZYKADIA
1L1001391000100;LEVOCARNITINA;mg/ml;100;CARNITOR
1T1000591003100;TIOTEPA;mg/ml;10;THIOMED
1F1007471002100;FLECAINIDA;mg;100;1A PHARMA
1N1007461001100;NADOLOL;mg;40;AA PHARMA INC
1N1001111000100;NITISINONE;mg;5;ORFADIN
1A1004051000100;EXTRACTOS ALERGêNICOS;UI/mL;10000;ALXOID
1M1024181000100;MEPIVACAINA;mg;30;DENTOCAIN SIMPLE
2A1018221000100;AVIBACTAM 0,5g;g;1;AVYCAZ
1V1019701000102;VENETOCLAX;mg;50;VENCLEXTA
1V1019691000102;VENETOCLAX;mg;10;VENCLEXTA
1C1014581000100;CIDOFOVIR;mg/ml;75;HERITAGE
1A1001061000100;ANAGRELIDE;mg;1;AGRYLIN
1F1024631000100;FACTOR DE COAGULACION HUMANO XI;UI/mL;100;HEMOLEVEN
1O1004831000100;OLAPARIB;mg;50;LYMPARZA
1S1024801000100;SURAMIN SODIUM;g/ml;1;SURAMIN
1M1024811000100;MELARSOPROL;mg/ml;36;MELARSOPROL
1P1024821000100;PENTAMIDINE;mg;300;PENTAMIDINE
1T1024151002100;NITROGLICERINA (TRINITRATO DE GLICEROL);mg/ml;5;MYONIT
1L1005651001100;LIDOCAINA CLORHIDRATO;mg/ml;10;LIDOCAINA 1%
1F1007321008100;FOLINATO DE CALCIO;mg/ml;10;LEUCORIN
1E1005681001100;EPINEFRINA;mg/ml;0;JEXT
1B1024501001100;BUPIVACAINA;mg/ml;5;NO REPORTADO
1L1018031001100;LIDOCAINA CLORHIDRATO;mg;20;FRESENIUS KABI
2E1024171001100;LIDOCAINA COMBINACIONES;mg/ml;20;ALPHACAINE 100
1M1007781001100;MERCAPTOPURINA;mg/ml;20;XALUPRINE
1D10008521000100;DEFIBROTIDE;mg/ml;80;DEFITELIO
1F1017941001100;FOLINATO DE CALCIO;mg/ml;10;ALONAT
1I10000121000100;INHIBIDOR C1 ESTEARASA;UI;500;CINRYZE
1M1022371002100;MERTIADIDA ( BETIATIDA O MERCAPTOACETILTRIGLICINA);mg/ml;0;MAG3
1N1024161000100;NIRAPARIB;mg;100;ZEJULA
1A1001761000101;ANAGRELIDE;mg;1;TEVA
1R1000411000100;REGORAFENIB;mg;40;STIVARGA
1F1023611000100;FOLINATO DE CALCIO;mg/ml;50;INNEFOL
1S1007051000100;FENILBUTIRATO DE SODIO;mg/ml;250;AMBUTYRATE
1A1005701000100;L-ARGININA;mg/ml;100;AMARGINE
1M1005541003100;METOTREXATO;mg/ml;100;METHOCEL 500
1B1024501000100;BUPIVACAINA;mg;5;NO REPORTADO
1E1004581000101;EPINEFRINA;mg/ml;0;EPIPEN
2B1024281000100;BUPIVACAINA AL 4%;%;1;BUPIVACAINA AL 4%
1L1001081001100;LIOTIRONINA T3;mcg;50;CYTOMEL
1P1012181003100                                                  1P1012181002100;CLORURO DE POTASIO;mg;1500;K-LOR M20  SANDOZ
1A1001061001100;ANAGRELIDE;mg;1;AGRYLIN
2A1024301000100;ARTICAINA COMBINACIONES;mg;40;TURBOCAINA
1R1017491000103;RAMUCIRUMAB;mg;10;CYRAMZA
1D1008521000100.;DEFIBROTIDE;mg/ml;80;DEFITELIO
1L101803100110;LIDOCAINA CLORHIDRATO;mg/ml;20;LIDOCAINA
1T1024151000100;NITROGLICERINA (TRINITRATO DE GLICEROL);mg/ml;5;NITROCIN
1I1002461000;IVACAFTOR;mg;150;KALYDECO
1L1023231000100;ACIDO LEVOMEFOLICO;mg;15;5-MTHF
1V1016391000100;VINBLASTINA SULFATO;mg;1;Z-BLASTIN
1O1024191000100;L-ORNITINA;g;100;ORNITINA
1C1024071000100.;CREATINA MONOHIDRATO;mg;5000;VITAFLO
1U1010641000100;UBIDECARENO;mg;50;COQ-10
1F1005951000100;FOSFATO DE SODIO Y POTASIO EQUIVALENTES A FOSFORO;MBq;185;ANAZAO
1A100101000102;ASFOTASA ALFA;mg/ml;40;STRENSIQ
1M102221;MEBROFENINA PARA TECNECIO Tc-99M;mg/ml;45;NO REPORTADO
1A100101000101;ASFOTASA ALFA;mg/ml;40;STRENSIQ
1O1005151001100;OSIMERTINIB;mg;80;TAGRISSO
1N1000301000100;NINTEDANIB;mg;100;OFEV
1N1000311000100;NINTEDANIB;mg;150;OFEV
1C1013981000100;HORMONA LIBERADORA DE CORTICOTROPINA (CRH);mcg;100;CRH (ferring)
1C1004471001100;ACIDO COLICO;mg;50;CHOLBAM
